title,solid_color,color_description,colors,price,retailer_url,retailer_image_url,image,created_at,id
RBOCOTT Solid Color Tie Formal Necktie for Men,True,Baby Blue,"[{""lab"": [152, 130, 101], ""rgb"": [117, 145, 191], ""weight"": 1.0}]",8.49,https://amzn.to/3OvN9ED,https://m.media-amazon.com/images/I/81Xijyo9gsL._AC_SY879_.jpg,images/81Xijyo9gsL._AC_SY879_.jpg,2024-12-02 22:24:25.852095,1
RBOCOTT Solid Color Tie Formal Necktie for Men,True,Black,"[{""lab"": [50, 129, 124], ""rgb"": [46, 47, 53], ""weight"": 1.0}]",7.19,https://amzn.to/3OF2dzv,https://m.media-amazon.com/images/I/81onvueUmZL._AC_SY879_.jpg,images/81onvueUmZL._AC_SY879_.jpg,2024-12-02 22:24:25.852095,2
RBOCOTT Solid Color Tie Formal Necktie for Men,True,Blush,"[{""lab"": [142, 171, 141], ""rgb"": [206, 101, 113], ""weight"": 1.0}]",8.49,https://amzn.to/4idgtgA,https://m.media-amazon.com/images/I/812pABcFwSL._AC_SY879_.jpg,images/812pABcFwSL._AC_SY879_.jpg,2024-12-02 22:24:25.852095,3
RBOCOTT Solid Color Tie Formal Necktie for Men,True,Bright Sage,"[{""lab"": [193, 105, 149], ""rgb"": [157, 197, 147], ""weight"": 1.0}]",7.99,https://amzn.to/3VfTrMn,https://m.media-amazon.com/images/I/81IheLda7oL._AC_SY879_.jpg,images/81IheLda7oL._AC_SY879_.jpg,2024-12-02 22:24:25.852095,4
RBOCOTT Solid Color Tie Formal Necktie for Men,True,Burgundy,"[{""lab"": [72, 166, 134], ""rgb"": [119, 36, 59], ""weight"": 1.0}]",7.99,https://amzn.to/3VgqWOA,https://m.media-amazon.com/images/I/81JrFY9rwzL._AC_SY879_.jpg,images/81JrFY9rwzL._AC_SY879_.jpg,2024-12-02 22:24:25.852095,5
RBOCOTT Solid Color Tie Formal Necktie for Men,True,Champagne,"[{""lab"": [185, 134, 148], ""rgb"": [202, 173, 142], ""weight"": 1.0}]",8.49,https://amzn.to/3ZwK9Oo,https://m.media-amazon.com/images/I/81+qz6zAFYL._AC_SY879_.jpg,images/81+qz6zAFYL._AC_SY879_.jpg,2024-12-02 22:24:25.852095,6
RBOCOTT Solid Color Tie Formal Necktie for Men,True,Charcoal,"[{""lab"": [96, 125, 118], ""rgb"": [74, 91, 104], ""weight"": 1.0}]",8.49,https://amzn.to/4g78y2o,https://m.media-amazon.com/images/I/81fu7EQTlhL._AC_SY879_.jpg,images/81fu7EQTlhL._AC_SY879_.jpg,2024-12-02 22:24:25.852095,7
RBOCOTT Solid Color Tie Formal Necktie for Men,True,Coffee,"[{""lab"": [71, 141, 137], ""rgb"": [89, 58, 52], ""weight"": 1.0}]",8.49,https://amzn.to/3Zt6bS6,https://m.media-amazon.com/images/I/81EDk0DaHnL._AC_SY879_.jpg,images/81EDk0DaHnL._AC_SY879_.jpg,2024-12-02 22:24:25.852095,8
RBOCOTT Solid Color Tie Formal Necktie for Men,True,Crimson,"[{""lab"": [92, 171, 141], ""rgb"": [149, 49, 66], ""weight"": 1.0}]",8.49,https://amzn.to/3B98iRR,https://m.media-amazon.com/images/I/81K84AM5AsL._AC_SY879_.jpg,images/81K84AM5AsL._AC_SY879_.jpg,2024-12-02 22:24:25.852095,9
RBOCOTT Solid Color Tie Formal Necktie for Men,True,Dark Blue,"[{""lab"": [74, 139, 91], ""rgb"": [39, 66, 126], ""weight"": 1.0}]",8.49,https://amzn.to/4eUtFEb,https://m.media-amazon.com/images/I/81fJbd4t9kL._AC_SY879_.jpg,images/81fJbd4t9kL._AC_SY879_.jpg,2024-12-02 22:24:25.852095,10
RBOCOTT Solid Color Tie Formal Necktie for Men,True,Dark Green,"[{""lab"": [76, 112, 132], ""rgb"": [43, 77, 64], ""weight"": 1.0}]",8.99,https://amzn.to/3CRCpOd,https://m.media-amazon.com/images/I/81y4qANVl7L._AC_SY879_.jpg,images/81y4qANVl7L._AC_SY879_.jpg,2024-12-02 22:24:25.852095,11
RBOCOTT Solid Color Tie Formal Necktie for Men,True,Desert Gold,"[{""lab"": [188, 136, 137], ""rgb"": [203, 176, 165], ""weight"": 1.0}]",9.99,https://amzn.to/3CUnJxS,https://m.media-amazon.com/images/I/817AcOeOB3L._AC_SY879_.jpg,images/817AcOeOB3L._AC_SY879_.jpg,2024-12-02 22:24:25.852095,12
RBOCOTT Solid Color Tie Formal Necktie for Men,True,Dusty Blue,"[{""lab"": [143, 121, 111], ""rgb"": [101, 139, 163], ""weight"": 1.0}]",8.49,https://amzn.to/3OxT77W,https://m.media-amazon.com/images/I/81sslHxVZvL._AC_SY879_.jpg,images/81sslHxVZvL._AC_SY879_.jpg,2024-12-02 22:24:25.852095,13
RBOCOTT Solid Color Tie Formal Necktie for Men,True,Dusty Rose,"[{""lab"": [172, 149, 124], ""rgb"": [198, 151, 172], ""weight"": 1.0}]",8.49,https://amzn.to/3Vi5PeK,https://m.media-amazon.com/images/I/81o8tKxAJDL._AC_SY879_.jpg,images/81o8tKxAJDL._AC_SY879_.jpg,2024-12-02 22:24:25.852095,14
RBOCOTT Solid Color Tie Formal Necktie for Men,True,Eucalyptus Green,"[{""lab"": [136, 108, 134], ""rgb"": [92, 137, 116], ""weight"": 1.0}]",9.99,https://amzn.to/3ZGlibf,https://m.media-amazon.com/images/I/81GkZvY5PHL._AC_SY879_.jpg,images/81GkZvY5PHL._AC_SY879_.jpg,2024-12-02 22:24:25.852095,15
RBOCOTT Solid Color Tie Formal Necktie for Men,True,Glacier Lake Blue,"[{""lab"": [178, 125, 109], ""rgb"": [144, 174, 205], ""weight"": 1.0}]",9.99,https://amzn.to/4fQBM6a,https://m.media-amazon.com/images/I/81k8zohJnhL._AC_SY879_.jpg,images/81k8zohJnhL._AC_SY879_.jpg,2024-12-02 22:24:25.852095,16
RBOCOTT Solid Color Tie Formal Necktie for Men,True,Gold,"[{""lab"": [170, 136, 176], ""rgb"": [200, 155, 74], ""weight"": 1.0}]",8.49,https://amzn.to/4fWnFMM,https://m.media-amazon.com/images/I/91vdfbH2nKL._AC_SY879_.jpg,images/91vdfbH2nKL._AC_SY879_.jpg,2024-12-02 22:24:25.852095,17
RBOCOTT Solid Color Tie Formal Necktie for Men,True,Green,"[{""lab"": [144, 80, 159], ""rgb"": [43, 155, 79], ""weight"": 1.0}]",8.99,https://amzn.to/3ViRwGF,https://m.media-amazon.com/images/I/91pLMnG0KwL._AC_SY879_.jpg,images/91pLMnG0KwL._AC_SY879_.jpg,2024-12-02 22:24:25.852095,18
RBOCOTT Solid Color Tie Formal Necktie for Men,True,Grey,"[{""lab"": [144, 130, 121], ""rgb"": [133, 135, 147], ""weight"": 1.0}]",8.49,https://amzn.to/41iMb5U,https://m.media-amazon.com/images/I/81OtWSbLAjL._AC_SY879_.jpg,images/81OtWSbLAjL._AC_SY879_.jpg,2024-12-02 22:24:25.852095,19
RBOCOTT Solid Color Tie Formal Necktie for Men,True,Hot Pink,"[{""lab"": [117, 189, 122], ""rgb"": [194, 51, 121], ""weight"": 1.0}]",7.19,https://amzn.to/4i9Hl0V,https://m.media-amazon.com/images/I/81CPRkMgcqL._AC_SY879_.jpg,images/81CPRkMgcqL._AC_SY879_.jpg,2024-12-02 22:24:25.852095,20
RBOCOTT Solid Color Tie Formal Necktie for Men,True,Lavender2,"[{""lab"": [165, 144, 106], ""rgb"": [167, 149, 196], ""weight"": 1.0}]",8.49,https://amzn.to/3ZtvMum,https://m.media-amazon.com/images/I/81v8qCNPbqL._AC_SY879_.jpg,images/81v8qCNPbqL._AC_SY879_.jpg,2024-12-02 22:24:25.852095,21
RBOCOTT Solid Color Tie Formal Necktie for Men,True,Light Yellow,"[{""lab"": [218, 122, 154], ""rgb"": [221, 216, 164], ""weight"": 1.0}]",8.49,https://amzn.to/3B21gON,https://m.media-amazon.com/images/I/81KQACi3+qL._AC_SY879_.jpg,images/81KQACi3+qL._AC_SY879_.jpg,2024-12-02 22:24:25.852095,22
RBOCOTT Solid Color Tie Formal Necktie for Men,True,Maroon,"[{""lab"": [49, 155, 127], ""rgb"": [80, 29, 49], ""weight"": 1.0}]",8.49,https://amzn.to/3OBedCl,https://m.media-amazon.com/images/I/81gGiMzRVvL._AC_SY879_.jpg,images/81gGiMzRVvL._AC_SY879_.jpg,2024-12-02 22:24:25.852095,23
RBOCOTT Solid Color Tie Formal Necktie for Men,True,Morandi Grey Green,"[{""lab"": [91, 122, 136], ""rgb"": [79, 86, 71], ""weight"": 1.0}]",9.99,https://amzn.to/3ViUJpL,https://m.media-amazon.com/images/I/81FJXNokaRL._AC_SY879_.jpg,images/81FJXNokaRL._AC_SY879_.jpg,2024-12-02 22:24:25.852095,24
RBOCOTT Solid Color Tie Formal Necktie for Men,True,Navy Blue,"[{""lab"": [60, 129, 113], ""rgb"": [45, 56, 78], ""weight"": 1.0}]",7.59,https://amzn.to/49gsOwv,https://m.media-amazon.com/images/I/81GkqLznMJL._AC_SY879_.jpg,images/81GkqLznMJL._AC_SY879_.jpg,2024-12-02 22:24:25.852095,25
RBOCOTT Solid Color Tie Formal Necktie for Men,True,Olive Green2,"[{""lab"": [70, 121, 139], ""rgb"": [60, 67, 48], ""weight"": 1.0}]",8.49,https://amzn.to/4eQ7Tl6,https://m.media-amazon.com/images/I/81gEmXS0N+L._AC_SY879_.jpg,images/81gEmXS0N+L._AC_SY879_.jpg,2024-12-02 22:24:25.852095,26
RBOCOTT Solid Color Tie Formal Necktie for Men,True,Orange2,"[{""lab"": [135, 163, 174], ""rgb"": [196, 99, 47], ""weight"": 1.0}]",8.49,https://amzn.to/3ViRWwJ,https://m.media-amazon.com/images/I/81w8XzOT9rL._AC_SY879_.jpg,images/81w8XzOT9rL._AC_SY879_.jpg,2024-12-02 22:24:25.852095,27
RBOCOTT Solid Color Tie Formal Necktie for Men,True,Peacock Blue,"[{""lab"": [113, 122, 93], ""rgb"": [16, 111, 163], ""weight"": 1.0}]",8.49,https://amzn.to/3Vgqdgq,https://m.media-amazon.com/images/I/9151NffLlRL._AC_SY879_.jpg,images/9151NffLlRL._AC_SY879_.jpg,2024-12-02 22:24:25.852095,28
RBOCOTT Solid Color Tie Formal Necktie for Men,True,Pink,"[{""lab"": [190, 154, 128], ""rgb"": [229, 166, 184], ""weight"": 1.0}]",8.49,https://amzn.to/4ga6Cq7,https://m.media-amazon.com/images/I/81ex0HQOkaL._AC_SY879_.jpg,images/81ex0HQOkaL._AC_SY879_.jpg,2024-12-02 22:24:25.852095,29
RBOCOTT Solid Color Tie Formal Necktie for Men,True,Purple,"[{""lab"": [72, 157, 102], ""rgb"": [90, 50, 107], ""weight"": 1.0}]",7.99,https://amzn.to/3CU2QTt,https://m.media-amazon.com/images/I/81UphqSxRyL._AC_SY879_.jpg,images/81UphqSxRyL._AC_SY879_.jpg,2024-12-02 22:24:25.852095,30
RBOCOTT Solid Color Tie Formal Necktie for Men,True,Purple Berry,"[{""lab"": [74, 170, 104], ""rgb"": [112, 37, 106], ""weight"": 1.0}]",9.99,https://amzn.to/3OBeBRj,https://m.media-amazon.com/images/I/81Kqr3HmMFL._AC_SY879_.jpg,images/81Kqr3HmMFL._AC_SY879_.jpg,2024-12-02 22:24:25.852095,31
RBOCOTT Solid Color Tie Formal Necktie for Men,True,Purple Lilac,"[{""lab"": [144, 146, 95], ""rgb"": [136, 127, 193], ""weight"": 1.0}]",8.49,https://amzn.to/3ZekEjJ,https://m.media-amazon.com/images/I/81QCnSYdgnL._AC_SY879_.jpg,images/81QCnSYdgnL._AC_SY879_.jpg,2024-12-02 22:24:25.852095,32
RBOCOTT Solid Color Tie Formal Necktie for Men,True,Red,"[{""lab"": [111, 187, 166], ""rgb"": [195, 42, 43], ""weight"": 1.0}]",7.19,https://amzn.to/3ViV9MR,https://m.media-amazon.com/images/I/91TLORZNTqL._AC_SY879_.jpg,images/91TLORZNTqL._AC_SY879_.jpg,2024-12-02 22:24:25.852095,33
RBOCOTT Solid Color Tie Formal Necktie for Men,True,Rose Gold,"[{""lab"": [185, 138, 131], ""rgb"": [199, 172, 173], ""weight"": 1.0}]",8.49,https://amzn.to/3OyfFoU,https://m.media-amazon.com/images/I/816UV5g8+RL._AC_SY879_.jpg,images/816UV5g8+RL._AC_SY879_.jpg,2024-12-02 22:24:25.852095,34
RBOCOTT Solid Color Tie Formal Necktie for Men,True,Rose Pink,"[{""lab"": [149, 168, 128], ""rgb"": [205, 112, 142], ""weight"": 1.0}]",8.99,https://amzn.to/3CUoWFq,https://m.media-amazon.com/images/I/81E9NJxH-FL._AC_SY879_.jpg,images/81E9NJxH-FL._AC_SY879_.jpg,2024-12-02 22:24:25.852095,35
RBOCOTT Solid Color Tie Formal Necktie for Men,True,Royal Blue,"[{""lab"": [94, 152, 69], ""rgb"": [37, 79, 183], ""weight"": 1.0}]",7.19,https://amzn.to/3VfVLD5,https://m.media-amazon.com/images/I/81jknkNKhAL._AC_SY879_.jpg,images/81jknkNKhAL._AC_SY879_.jpg,2024-12-02 22:24:25.852095,36
RBOCOTT Solid Color Tie Formal Necktie for Men,True,Rust,"[{""lab"": [102, 163, 158], ""rgb"": [155, 68, 47], ""weight"": 1.0}]",8.99,https://amzn.to/4g9I8gE,https://m.media-amazon.com/images/I/819mkb09TBL._AC_SY879_.jpg,images/819mkb09TBL._AC_SY879_.jpg,2024-12-02 22:24:25.852095,37
RBOCOTT Solid Color Tie Formal Necktie for Men,True,Sage Green2,"[{""lab"": [162, 114, 142], ""rgb"": [138, 160, 129], ""weight"": 1.0}]",8.49,https://amzn.to/49g2uTa,https://m.media-amazon.com/images/I/81OCTRrNGuL._AC_SY879_.jpg,images/81OCTRrNGuL._AC_SY879_.jpg,2024-12-02 22:24:25.852095,38
RBOCOTT Solid Color Tie Formal Necktie for Men,True,Silver2,"[{""lab"": [196, 126, 127], ""rgb"": [185, 191, 191], ""weight"": 1.0}]",8.49,https://amzn.to/41aBOkC,https://m.media-amazon.com/images/I/71Zr0o5G5AL._AC_SY879_.jpg,images/71Zr0o5G5AL._AC_SY879_.jpg,2024-12-02 22:24:25.852095,39
RBOCOTT Solid Color Tie Formal Necktie for Men,True,Steel Blue,"[{""lab"": [69, 124, 112], ""rgb"": [38, 67, 88], ""weight"": 1.0}]",8.49,https://amzn.to/3CRnraR,https://m.media-amazon.com/images/I/81LWKq9VTLL._AC_SY879_.jpg,images/81LWKq9VTLL._AC_SY879_.jpg,2024-12-02 22:24:25.852095,40
RBOCOTT Solid Color Tie Formal Necktie for Men,True,Tan,"[{""lab"": [144, 128, 137], ""rgb"": [142, 135, 120], ""weight"": 1.0}]",8.49,https://amzn.to/4fWNBaT,https://m.media-amazon.com/images/I/81ZIASHDEDL._AC_SY879_.jpg,images/81ZIASHDEDL._AC_SY879_.jpg,2024-12-02 22:24:25.852095,41
RBOCOTT Solid Color Tie Formal Necktie for Men,True,Teal,"[{""lab"": [137, 107, 107], ""rgb"": [21, 140, 164], ""weight"": 1.0}]",8.49,https://amzn.to/4idHMqX,https://m.media-amazon.com/images/I/81Jr-Fh35tL._AC_SY879_.jpg,images/81Jr-Fh35tL._AC_SY879_.jpg,2024-12-02 22:24:25.852095,42
RBOCOTT Solid Color Tie Formal Necktie for Men,True,Turquoise,"[{""lab"": [182, 100, 111], ""rgb"": [73, 190, 205], ""weight"": 1.0}]",8.49,https://amzn.to/49hzNVL,https://m.media-amazon.com/images/I/81nkPTlgu+L._AC_SY879_.jpg,images/81nkPTlgu+L._AC_SY879_.jpg,2024-12-02 22:24:25.852095,43
RBOCOTT Solid Color Tie Formal Necktie for Men,True,White2,"[{""lab"": [249, 128, 128], ""rgb"": [248, 248, 248], ""weight"": 1.0}]",7.64,https://amzn.to/3BfnrAX,https://m.media-amazon.com/images/I/71Xu4qJRmgL._AC_SY879_.jpg,images/71Xu4qJRmgL._AC_SY879_.jpg,2024-12-02 22:24:25.852095,44
RBOCOTT Solid Color Tie Formal Necktie for Men,True,Yellow,"[{""lab"": [210, 118, 190], ""rgb"": [221, 208, 82], ""weight"": 1.0}]",8.49,https://amzn.to/3ZuRw8Y,https://m.media-amazon.com/images/I/81eT+B1H2mL._AC_SY879_.jpg,images/81eT+B1H2mL._AC_SY879_.jpg,2024-12-02 22:24:25.852095,45
DAZI Men's Skinny Tie Floral Print Cotton Necktie,False,Abyss,"[{""lab"": [172, 146, 127], ""rgb"": [196, 153, 167], ""weight"": 0.29343512112602743}, {""lab"": [164, 108, 133], ""rgb"": [119, 166, 146], ""weight"": 0.2781271913653878}, {""lab"": [45, 132, 116], ""rgb"": [38, 43, 61], ""weight"": 0.23283234654116694}, {""lab"": [125, 177, 126], ""rgb"": [189, 78, 121], ""weight"": 0.07676014082572455}, {""lab"": [140, 175, 166], ""rgb"": [216, 93, 68], ""weight"": 0.06699342861480405}, {""lab"": [80, 135, 93], ""rgb"": [34, 73, 129], ""weight"": 0.05185177152688918}]",32.0,https://amzn.to/417253s,https://m.media-amazon.com/images/I/61sBfS07ZlL._AC_SX679_.jpg,images/61sBfS07ZlL._AC_SX679_.jpg,2024-12-02 22:24:25.852095,46
DAZI Men's Skinny Tie Floral Print Cotton Necktie,False,Alpine Blum,"[{""lab"": [244, 127, 127], ""rgb"": [240, 243, 244], ""weight"": 0.5254638750379297}, {""lab"": [146, 123, 133], ""rgb"": [132, 140, 129], ""weight"": 0.17057965697929828}, {""lab"": [162, 124, 119], ""rgb"": [137, 157, 170], ""weight"": 0.12693441665194766}, {""lab"": [126, 114, 143], ""rgb"": [102, 123, 91], ""weight"": 0.08126248284670046}, {""lab"": [173, 136, 152], ""rgb"": [194, 159, 122], ""weight"": 0.05668627690746955}, {""lab"": [125, 131, 96], ""rgb"": [83, 118, 170], ""weight"": 0.039073291576654304}]",32.0,https://amzn.to/4fURnBC,https://m.media-amazon.com/images/I/91ZDF1uyRpL._AC_SX679_.jpg,images/91ZDF1uyRpL._AC_SX679_.jpg,2024-12-02 22:24:25.852095,47
DAZI Men's Skinny Tie Floral Print Cotton Necktie,False,Arctic Ice,"[{""lab"": [220, 124, 127], ""rgb"": [207, 218, 218], ""weight"": 0.37686271977267954}, {""lab"": [182, 123, 121], ""rgb"": [158, 178, 187], ""weight"": 0.26873617591501314}, {""lab"": [147, 127, 111], ""rgb"": [119, 140, 168], ""weight"": 0.11921002922229935}, {""lab"": [180, 115, 132], ""rgb"": [150, 179, 165], ""weight"": 0.11845121813397053}, {""lab"": [132, 131, 98], ""rgb"": [94, 124, 174], ""weight"": 0.06154845896769402}, {""lab"": [179, 107, 142], ""rgb"": [141, 182, 146], ""weight"": 0.05519139798834337}]",32.0,https://amzn.to/4fSCcsu,https://m.media-amazon.com/images/I/61gkAq98GdL._AC_SX679_.jpg,images/61gkAq98GdL._AC_SX679_.jpg,2024-12-02 22:24:25.852095,48
DAZI Men's Skinny Tie Floral Print Cotton Necktie,False,Atlanta,"[{""lab"": [250, 127, 127], ""rgb"": [246, 250, 251], ""weight"": 0.3909312567760278}, {""lab"": [73, 133, 100], ""rgb"": [42, 67, 111], ""weight"": 0.22770827428910753}, {""lab"": [132, 126, 110], ""rgb"": [100, 126, 154], ""weight"": 0.2042097970678075}, {""lab"": [182, 124, 118], ""rgb"": [157, 178, 193], ""weight"": 0.13704558439163078}, {""lab"": [182, 156, 134], ""rgb"": [227, 156, 165], ""weight"": 0.022987885249515276}, {""lab"": [157, 143, 123], ""rgb"": [171, 140, 158], ""weight"": 0.01711720222591108}]",32.0,https://amzn.to/3CQQ4oF,https://m.media-amazon.com/images/I/81um4YSvBTL._AC_SX679_.jpg,images/81um4YSvBTL._AC_SX679_.jpg,2024-12-02 22:24:25.852095,49
DAZI Men's Skinny Tie Floral Print Cotton Necktie,False,Baby's Breath,"[{""lab"": [208, 133, 134], ""rgb"": [217, 199, 192], ""weight"": 0.6319398422506292}, {""lab"": [188, 126, 140], ""rgb"": [187, 181, 159], ""weight"": 0.13487226438150984}, {""lab"": [167, 135, 137], ""rgb"": [178, 154, 143], ""weight"": 0.11088041617026818}, {""lab"": [156, 118, 149], ""rgb"": [144, 152, 110], ""weight"": 0.05772906794561899}, {""lab"": [155, 132, 120], ""rgb"": [147, 145, 161], ""weight"": 0.039284113588740725}, {""lab"": [140, 129, 105], ""rgb"": [108, 133, 171], ""weight"": 0.025294295663233057}]",32.0,https://amzn.to/49ohH4D,https://m.media-amazon.com/images/I/61XbIHpE9gL._AC_SX679_.jpg,images/61XbIHpE9gL._AC_SX679_.jpg,2024-12-02 22:24:25.852095,50
DAZI Men's Skinny Tie Floral Print Cotton Necktie,False,Baltic,"[{""lab"": [201, 128, 129], ""rgb"": [196, 195, 193], ""weight"": 0.3960745606938287}, {""lab"": [167, 123, 121], ""rgb"": [142, 162, 171], ""weight"": 0.1550661790880554}, {""lab"": [126, 125, 124], ""rgb"": [108, 119, 124], ""weight"": 0.13575288825604348}, {""lab"": [165, 128, 129], ""rgb"": [158, 157, 155], ""weight"": 0.11861752046859325}, {""lab"": [186, 126, 125], ""rgb"": [172, 180, 184], ""weight"": 0.10754344519594836}, {""lab"": [123, 128, 129], ""rgb"": [115, 114, 113], ""weight"": 0.08694540629753082}]",32.0,https://amzn.to/3BkusjY,https://m.media-amazon.com/images/I/51RK1U5xSjL._AC_SX679_.jpg,images/51RK1U5xSjL._AC_SX679_.jpg,2024-12-02 22:24:25.852095,51
DAZI Men's Skinny Tie Floral Print Cotton Necktie,False,Bed of Roses,"[{""lab"": [163, 167, 139], ""rgb"": [224, 126, 137], ""weight"": 0.21026861666014363}, {""lab"": [192, 120, 143], ""rgb"": [182, 189, 158], ""weight"": 0.18420569182967644}, {""lab"": [114, 130, 119], ""rgb"": [102, 105, 121], ""weight"": 0.1686502072733372}, {""lab"": [152, 152, 132], ""rgb"": [186, 128, 137], ""weight"": 0.16128980726375233}, {""lab"": [190, 137, 136], ""rgb"": [206, 177, 169], ""weight"": 0.15065456840020128}, {""lab"": [142, 178, 150], ""rgb"": [219, 92, 98], ""weight"": 0.12493110857288912}]",32.0,https://amzn.to/4ibFDMD,https://m.media-amazon.com/images/I/61T52WzE5PL._AC_SX679_.jpg,images/61T52WzE5PL._AC_SX679_.jpg,2024-12-02 22:24:25.852095,52
DAZI Men's Skinny Tie Floral Print Cotton Necktie,False,Blue Bloom,"[{""lab"": [224, 126, 135], ""rgb"": [222, 221, 207], ""weight"": 0.3295263581769641}, {""lab"": [193, 129, 148], ""rgb"": [202, 184, 149], ""weight"": 0.18868941550988313}, {""lab"": [224, 121, 126], ""rgb"": [204, 224, 224], ""weight"": 0.16875194206464458}, {""lab"": [136, 142, 159], ""rgb"": [166, 117, 74], ""weight"": 0.13378526630858695}, {""lab"": [106, 138, 138], ""rgb"": [120, 92, 82], ""weight"": 0.09741079185506014}, {""lab"": [103, 129, 119], ""rgb"": [89, 95, 110], ""weight"": 0.08183622608486109}]",32.0,https://amzn.to/4eVivPt,https://m.media-amazon.com/images/I/814gEMoAQlL._AC_SX679_.jpg,images/814gEMoAQlL._AC_SX679_.jpg,2024-12-02 22:24:25.852095,53
DAZI Men's Skinny Tie Floral Print Cotton Necktie,False,Blue Daisy,"[{""lab"": [209, 125, 135], ""rgb"": [204, 205, 191], ""weight"": 0.3226131136742933}, {""lab"": [192, 122, 121], ""rgb"": [166, 189, 198], ""weight"": 0.17686697232429313}, {""lab"": [117, 131, 80], ""rgb"": [0, 112, 189], ""weight"": 0.15403886218393484}, {""lab"": [169, 120, 111], ""rgb"": [125, 167, 191], ""weight"": 0.142049386279451}, {""lab"": [142, 120, 101], ""rgb"": [79, 140, 180], ""weight"": 0.1092929539626328}, {""lab"": [122, 124, 89], ""rgb"": [26, 119, 179], ""weight"": 0.09513871157539493}]",32.0,https://amzn.to/3ZvI6Kl,https://m.media-amazon.com/images/I/61+DjcbQ6TL._AC_SX679_.jpg,images/61+DjcbQ6TL._AC_SX679_.jpg,2024-12-02 22:24:25.852095,54
DAZI Men's Skinny Tie Floral Print Cotton Necktie,False,Bluebell,"[{""lab"": [191, 127, 126], ""rgb"": [181, 185, 188], ""weight"": 0.2821073401465073}, {""lab"": [217, 128, 126], ""rgb"": [211, 213, 216], ""weight"": 0.2630634532685704}, {""lab"": [157, 128, 126], ""rgb"": [147, 149, 152], ""weight"": 0.17017122310566607}, {""lab"": [187, 128, 122], ""rgb"": [175, 180, 191], ""weight"": 0.13543503593932082}, {""lab"": [181, 127, 130], ""rgb"": [173, 174, 170], ""weight"": 0.09757757633882994}, {""lab"": [168, 129, 118], ""rgb"": [153, 160, 178], ""weight"": 0.05164537120110551}]",32.0,https://amzn.to/3ZeAVFg,https://m.media-amazon.com/images/I/51GDoY0-q4L._AC_SX679_.jpg,images/51GDoY0-q4L._AC_SX679_.jpg,2024-12-02 22:24:25.852095,55
DAZI Men's Skinny Tie Floral Print Cotton Necktie,False,Blueberry Bliss,"[{""lab"": [56, 132, 105], ""rgb"": [33, 52, 87], ""weight"": 0.4302111582608107}, {""lab"": [161, 125, 112], ""rgb"": [130, 156, 181], ""weight"": 0.2767692066863257}, {""lab"": [62, 130, 113], ""rgb"": [47, 58, 80], ""weight"": 0.1786489425163837}, {""lab"": [204, 122, 138], ""rgb"": [195, 201, 180], ""weight"": 0.06118554934570978}, {""lab"": [120, 142, 135], ""rgb"": [139, 103, 100], ""weight"": 0.03141777689401472}, {""lab"": [119, 158, 156], ""rgb"": [167, 89, 65], ""weight"": 0.021767366296755415}]",32.0,https://amzn.to/3ZxjfGa,https://m.media-amazon.com/images/I/91Irp7UhCTL._AC_SX679_.jpg,images/91Irp7UhCTL._AC_SX679_.jpg,2024-12-02 22:24:25.852095,56
DAZI Men's Skinny Tie Floral Print Cotton Necktie,False,Butterscotch,"[{""lab"": [200, 124, 126], ""rgb"": [184, 196, 198], ""weight"": 0.5151360772221477}, {""lab"": [196, 128, 137], ""rgb"": [197, 189, 173], ""weight"": 0.24094382625016758}, {""lab"": [153, 122, 116], ""rgb"": [120, 149, 165], ""weight"": 0.11620094612452837}, {""lab"": [186, 129, 151], ""rgb"": [197, 177, 137], ""weight"": 0.04962748740735066}, {""lab"": [166, 142, 187], ""rgb"": [207, 147, 45], ""weight"": 0.0435293892325666}, {""lab"": [174, 133, 170], ""rgb"": [198, 161, 90], ""weight"": 0.03456227376323904}]",32.0,https://amzn.to/49iPjRn,https://m.media-amazon.com/images/I/61OUQ44AKDL._AC_SX679_.jpg,images/61OUQ44AKDL._AC_SX679_.jpg,2024-12-02 22:24:25.852095,57
DAZI Men's Skinny Tie Floral Print Cotton Necktie,False,Calla Lily,"[{""lab"": [182, 118, 135], ""rgb"": [161, 180, 162], ""weight"": 0.44847501598065126}, {""lab"": [131, 118, 135], ""rgb"": [109, 127, 110], ""weight"": 0.26232192321063436}, {""lab"": [159, 124, 138], ""rgb"": [151, 152, 133], ""weight"": 0.1140962427713253}, {""lab"": [169, 132, 140], ""rgb"": [177, 158, 140], ""weight"": 0.08250501848522117}, {""lab"": [175, 141, 144], ""rgb"": [201, 158, 139], ""weight"": 0.0739782663142824}, {""lab"": [138, 153, 154], ""rgb"": [182, 112, 86], ""weight"": 0.018623533237885546}]",32.0,https://amzn.to/41dcOsX,https://m.media-amazon.com/images/I/61ezemZMN0L._AC_SX679_.jpg,images/61ezemZMN0L._AC_SX679_.jpg,2024-12-02 22:24:25.852095,58
DAZI Men's Skinny Tie Floral Print Cotton Necktie,False,Carnation,"[{""lab"": [75, 137, 132], ""rgb"": [85, 64, 63], ""weight"": 0.2657976060767033}, {""lab"": [197, 132, 129], ""rgb"": [199, 188, 189], ""weight"": 0.22757005540842876}, {""lab"": [171, 120, 143], ""rgb"": [160, 167, 136], ""weight"": 0.16303028658061364}, {""lab"": [176, 139, 131], ""rgb"": [190, 161, 162], ""weight"": 0.15658988069157784}, {""lab"": [129, 136, 148], ""rgb"": [145, 115, 87], ""weight"": 0.12402725055544139}, {""lab"": [128, 155, 137], ""rgb"": [167, 101, 105], ""weight"": 0.06298492068723513}]",32.0,https://amzn.to/4eWKUEM,https://m.media-amazon.com/images/I/61q8eE9nB1L._AC_SX679_.jpg,images/61q8eE9nB1L._AC_SX679_.jpg,2024-12-02 22:24:25.852095,59
DAZI Men's Skinny Tie Floral Print Cotton Necktie,False,Citrus,"[{""lab"": [193, 127, 132], ""rgb"": [188, 187, 179], ""weight"": 0.5396224618534123}, {""lab"": [125, 123, 123], ""rgb"": [102, 119, 125], ""weight"": 0.16764434831991784}, {""lab"": [147, 136, 131], ""rgb"": [155, 134, 134], ""weight"": 0.12576216661055625}, {""lab"": [120, 157, 153], ""rgb"": [166, 91, 71], ""weight"": 0.0711480193019863}, {""lab"": [93, 164, 162], ""rgb"": [146, 58, 32], ""weight"": 0.06238799168885579}, {""lab"": [126, 144, 143], ""rgb"": [152, 107, 93], ""weight"": 0.033435012225271454}]",32.0,https://amzn.to/41auPYX,https://m.media-amazon.com/images/I/61+mQcmQfvL._AC_SX679_.jpg,images/61+mQcmQfvL._AC_SX679_.jpg,2024-12-02 22:24:25.852095,60
DAZI Men's Skinny Tie Floral Print Cotton Necktie,False,Coral Void,"[{""lab"": [198, 128, 138], ""rgb"": [200, 191, 173], ""weight"": 0.3662929601269997}, {""lab"": [187, 129, 156], ""rgb"": [200, 178, 129], ""weight"": 0.19416022651434078}, {""lab"": [138, 142, 138], ""rgb"": [159, 120, 113], ""weight"": 0.1452479771274222}, {""lab"": [126, 158, 145], ""rgb"": [172, 96, 90], ""weight"": 0.11686260262450193}, {""lab"": [122, 173, 158], ""rgb"": [190, 77, 66], ""weight"": 0.0999372109829443}, {""lab"": [181, 139, 177], ""rgb"": [218, 164, 83], ""weight"": 0.07749902262379112}]",32.0,https://amzn.to/4fU5A1y,https://m.media-amazon.com/images/I/61jdpih8CQL._AC_SX679_.jpg,images/61jdpih8CQL._AC_SX679_.jpg,2024-12-02 22:24:25.852095,61
DAZI Men's Skinny Tie Floral Print Cotton Necktie,False,Crested Sunburn,"[{""lab"": [190, 122, 132], ""rgb"": [175, 186, 176], ""weight"": 0.24744441511204976}, {""lab"": [187, 130, 119], ""rgb"": [176, 180, 196], ""weight"": 0.20948462982517893}, {""lab"": [201, 121, 126], ""rgb"": [179, 199, 199], ""weight"": 0.20312683327466854}, {""lab"": [154, 134, 110], ""rgb"": [139, 143, 176], ""weight"": 0.15764695529743047}, {""lab"": [159, 119, 135], ""rgb"": [139, 155, 138], ""weight"": 0.09559060776721812}, {""lab"": [146, 123, 122], ""rgb"": [121, 140, 147], ""weight"": 0.08670655872345419}]",32.0,https://amzn.to/4fYlW9x,https://m.media-amazon.com/images/I/51WNv29TXZL._AC_SX679_.jpg,images/51WNv29TXZL._AC_SX679_.jpg,2024-12-02 22:24:25.852095,62
DAZI Men's Skinny Tie Floral Print Cotton Necktie,False,Desert Poppy,"[{""lab"": [157, 131, 121], ""rgb"": [148, 147, 161], ""weight"": 0.5674982087238802}, {""lab"": [168, 134, 135], ""rgb"": [176, 156, 148], ""weight"": 0.17201734247737144}, {""lab"": [158, 147, 147], ""rgb"": [193, 137, 117], ""weight"": 0.10689531636129673}, {""lab"": [142, 133, 162], ""rgb"": [160, 129, 74], ""weight"": 0.06392662348107096}, {""lab"": [144, 147, 185], ""rgb"": [188, 121, 27], ""weight"": 0.04911021100501557}, {""lab"": [137, 173, 171], ""rgb"": [211, 92, 56], ""weight"": 0.04055229795136502}]",32.0,https://amzn.to/4gfcgXS,https://m.media-amazon.com/images/I/61UUUFaz8UL._AC_SX679_.jpg,images/61UUUFaz8UL._AC_SX679_.jpg,2024-12-02 22:24:25.852095,63
DAZI Men's Skinny Tie Floral Print Cotton Necktie,False,Desert Sun,"[{""lab"": [222, 123, 133], ""rgb"": [212, 221, 208], ""weight"": 0.33381461002915}, {""lab"": [217, 124, 144], ""rgb"": [217, 214, 182], ""weight"": 0.1825898155288301}, {""lab"": [161, 126, 136], ""rgb"": [155, 153, 139], ""weight"": 0.16221759175704278}, {""lab"": [169, 116, 146], ""rgb"": [152, 166, 128], ""weight"": 0.1354192302854299}, {""lab"": [173, 134, 148], ""rgb"": [188, 160, 130], ""weight"": 0.09844296050796568}, {""lab"": [168, 110, 157], ""rgb"": [146, 168, 107], ""weight"": 0.08751579189158148}]",32.0,https://amzn.to/4fSGTCT,https://m.media-amazon.com/images/I/81xxkN8QC8L._AC_SX679_.jpg,images/81xxkN8QC8L._AC_SX679_.jpg,2024-12-02 22:24:25.852095,64
DAZI Men's Skinny Tie Floral Print Cotton Necktie,False,Dreamy Fields,"[{""lab"": [218, 125, 141], ""rgb"": [218, 215, 189], ""weight"": 0.26544085086675145}, {""lab"": [114, 124, 109], ""rgb"": [76, 109, 137], ""weight"": 0.19145720681375913}, {""lab"": [191, 123, 134], ""rgb"": [180, 187, 173], ""weight"": 0.18129263169868656}, {""lab"": [211, 121, 126], ""rgb"": [190, 210, 209], ""weight"": 0.1623488212424182}, {""lab"": [103, 127, 122], ""rgb"": [89, 96, 106], ""weight"": 0.1548574237555302}, {""lab"": [68, 136, 111], ""rgb"": [61, 60, 89], ""weight"": 0.04460306562285445}]",32.0,https://amzn.to/3AXiU6n,https://m.media-amazon.com/images/I/81kfUK4Z-SL._AC_SX679_.jpg,images/81kfUK4Z-SL._AC_SX679_.jpg,2024-12-02 22:24:25.852095,65
DAZI Men's Skinny Tie Floral Print Cotton Necktie,False,Evergreen,"[{""lab"": [63, 113, 125], ""rgb"": [23, 65, 63], ""weight"": 0.4563226441017869}, {""lab"": [47, 117, 125], ""rgb"": [21, 50, 50], ""weight"": 0.2758189145435549}, {""lab"": [137, 145, 136], ""rgb"": [162, 117, 115], ""weight"": 0.07921818968123663}, {""lab"": [71, 138, 132], ""rgb"": [83, 60, 60], ""weight"": 0.07464474474819263}, {""lab"": [164, 149, 142], ""rgb"": [200, 142, 132], ""weight"": 0.06390193309375371}, {""lab"": [147, 138, 133], ""rgb"": [159, 132, 130], ""weight"": 0.05009357383147525}]",32.0,https://amzn.to/3Zhnt3d,https://m.media-amazon.com/images/I/61hSifDj4vL._AC_SX679_.jpg,images/61hSifDj4vL._AC_SX679_.jpg,2024-12-02 22:24:25.852095,66
DAZI Men's Skinny Tie Floral Print Cotton Necktie,False,Faded Jade,"[{""lab"": [188, 119, 134], ""rgb"": [168, 186, 170], ""weight"": 0.46347378245941534}, {""lab"": [150, 114, 132], ""rgb"": [117, 148, 134], ""weight"": 0.23077435914530484}, {""lab"": [160, 123, 137], ""rgb"": [149, 154, 136], ""weight"": 0.1276375879195973}, {""lab"": [179, 133, 132], ""rgb"": [184, 168, 165], ""weight"": 0.08238191273042435}, {""lab"": [166, 141, 139], ""rgb"": [188, 149, 139], ""weight"": 0.048943298109937}, {""lab"": [190, 130, 149], ""rgb"": [202, 181, 145], ""weight"": 0.04678905963532118}]",32.0,https://amzn.to/41fcMRG,https://m.media-amazon.com/images/I/619xQrkd9xL._AC_SX679_.jpg,images/619xQrkd9xL._AC_SX679_.jpg,2024-12-02 22:24:25.852095,67
DAZI Men's Skinny Tie Floral Print Cotton Necktie,False,Feelin Lucky,"[{""lab"": [207, 121, 128], ""rgb"": [187, 206, 201], ""weight"": 0.2488297153883261}, {""lab"": [214, 124, 126], ""rgb"": [199, 212, 213], ""weight"": 0.21068982151471297}, {""lab"": [172, 121, 128], ""rgb"": [150, 168, 164], ""weight"": 0.16429522431259044}, {""lab"": [183, 117, 128], ""rgb"": [153, 182, 175], ""weight"": 0.16398263386396528}, {""lab"": [139, 119, 128], ""rgb"": [113, 135, 130], ""weight"": 0.11571249397009166}, {""lab"": [139, 115, 130], ""rgb"": [106, 137, 127], ""weight"": 0.09649011095031355}]",32.0,https://amzn.to/3CURpuD,https://m.media-amazon.com/images/I/51fYgoOqgiL._AC_SX679_.jpg,images/51fYgoOqgiL._AC_SX679_.jpg,2024-12-02 22:24:25.852095,68
DAZI Men's Skinny Tie Floral Print Cotton Necktie,False,Fiore,"[{""lab"": [216, 126, 138], ""rgb"": [216, 212, 193], ""weight"": 0.43647010209532255}, {""lab"": [104, 119, 141], ""rgb"": [90, 100, 75], ""weight"": 0.1411629930491865}, {""lab"": [89, 170, 150], ""rgb"": [147, 47, 49], ""weight"": 0.1349176753577032}, {""lab"": [154, 140, 140], ""rgb"": [174, 138, 125], ""weight"": 0.12149309789930222}, {""lab"": [106, 157, 143], ""rgb"": [148, 78, 75], ""weight"": 0.11922879229195432}, {""lab"": [172, 129, 168], ""rgb"": [189, 162, 91], ""weight"": 0.04672733930653121}]",32.0,https://amzn.to/4gdszEz,https://m.media-amazon.com/images/I/61hSyPTtrNL._AC_SX679_.jpg,images/61hSyPTtrNL._AC_SX679_.jpg,2024-12-02 22:24:25.852095,69
DAZI Men's Skinny Tie Floral Print Cotton Necktie,False,French Love,"[{""lab"": [211, 127, 130], ""rgb"": [206, 206, 202], ""weight"": 0.4489561394219644}, {""lab"": [147, 125, 134], ""rgb"": [137, 139, 127], ""weight"": 0.2848368612408665}, {""lab"": [186, 129, 116], ""rgb"": [170, 179, 201], ""weight"": 0.0961614640326003}, {""lab"": [159, 131, 98], ""rgb"": [122, 152, 204], ""weight"": 0.09185894645189377}, {""lab"": [131, 139, 88], ""rgb"": [95, 120, 191], ""weight"": 0.0522498990065381}, {""lab"": [102, 152, 76], ""rgb"": [72, 85, 180], ""weight"": 0.02593668984613695}]",32.0,https://amzn.to/49fbpEe,https://m.media-amazon.com/images/I/61eS54o1v4L._AC_SX679_.jpg,images/61eS54o1v4L._AC_SX679_.jpg,2024-12-02 22:24:25.852095,70
DAZI Men's Skinny Tie Floral Print Cotton Necktie,False,Frisco,"[{""lab"": [151, 127, 110], ""rgb"": [122, 144, 174], ""weight"": 0.4007603021911755}, {""lab"": [217, 124, 131], ""rgb"": [207, 215, 207], ""weight"": 0.21987013112318246}, {""lab"": [181, 126, 120], ""rgb"": [162, 175, 188], ""weight"": 0.19686809528863503}, {""lab"": [206, 122, 140], ""rgb"": [198, 203, 178], ""weight"": 0.09789373136632479}, {""lab"": [176, 120, 152], ""rgb"": [170, 171, 125], ""weight"": 0.053732524145383674}, {""lab"": [148, 120, 169], ""rgb"": [148, 142, 65], ""weight"": 0.03087521588529857}]",32.0,https://amzn.to/4ibGlcL,https://m.media-amazon.com/images/I/81BEhJPGoQL._AC_SX679_.jpg,images/81BEhJPGoQL._AC_SX679_.jpg,2024-12-02 22:24:25.852095,71
DAZI Men's Skinny Tie Floral Print Cotton Necktie,False,Hermosa,"[{""lab"": [188, 129, 129], ""rgb"": [184, 180, 179], ""weight"": 0.3737110584119109}, {""lab"": [146, 132, 120], ""rgb"": [138, 136, 151], ""weight"": 0.18725894200281257}, {""lab"": [176, 136, 132], ""rgb"": [186, 163, 162], ""weight"": 0.1780822434275761}, {""lab"": [164, 144, 138], ""rgb"": [190, 145, 139], ""weight"": 0.11924806870836271}, {""lab"": [147, 154, 130], ""rgb"": [183, 121, 136], ""weight"": 0.0799812997432485}, {""lab"": [133, 171, 128], ""rgb"": [191, 92, 126], ""weight"": 0.06171838770608927}]",32.0,https://amzn.to/3Zx7qQp,https://m.media-amazon.com/images/I/5186BGbDC5L._AC_SX679_.jpg,images/5186BGbDC5L._AC_SX679_.jpg,2024-12-02 22:24:25.852095,72
DAZI Men's Skinny Tie Floral Print Cotton Necktie,False,Hidden Garden,"[{""lab"": [232, 124, 133], ""rgb"": [225, 231, 219], ""weight"": 0.28612462097979424}, {""lab"": [167, 124, 133], ""rgb"": [155, 161, 150], ""weight"": 0.16078231498198844}, {""lab"": [163, 109, 132], ""rgb"": [119, 164, 147], ""weight"": 0.150774453822165}, {""lab"": [109, 123, 135], ""rgb"": [97, 103, 89], ""weight"": 0.13922027660916214}, {""lab"": [214, 118, 137], ""rgb"": [197, 214, 192], ""weight"": 0.13601966153819572}, {""lab"": [128, 117, 133], ""rgb"": [103, 125, 111], ""weight"": 0.12707867206869444}]",32.0,https://amzn.to/3BgeEyI,https://m.media-amazon.com/images/I/81n5diZ0pJL._AC_SX679_.jpg,images/81n5diZ0pJL._AC_SX679_.jpg,2024-12-02 22:24:25.852095,73
DAZI Men's Skinny Tie Floral Print Cotton Necktie,False,Honey,"[{""lab"": [244, 127, 128], ""rgb"": [240, 243, 242], ""weight"": 0.4807669860196999}, {""lab"": [205, 126, 140], ""rgb"": [205, 200, 177], ""weight"": 0.22788921712115362}, {""lab"": [183, 125, 153], ""rgb"": [188, 176, 130], ""weight"": 0.13425173519138733}, {""lab"": [200, 123, 175], ""rgb"": [213, 194, 105], ""weight"": 0.07229664814000054}, {""lab"": [172, 134, 168], ""rgb"": [196, 158, 91], ""weight"": 0.04419687351285344}, {""lab"": [165, 152, 193], ""rgb"": [221, 138, 28], ""weight"": 0.040598540014905135}]",32.0,https://amzn.to/3Bb8pw9,https://m.media-amazon.com/images/I/61uzvr3uvDL._AC_SX679_.jpg,images/61uzvr3uvDL._AC_SX679_.jpg,2024-12-02 22:24:25.852095,74
DAZI Men's Skinny Tie Floral Print Cotton Necktie,False,Indie Skye,"[{""lab"": [199, 127, 122], ""rgb"": [185, 194, 204], ""weight"": 0.26185114825762634}, {""lab"": [187, 128, 118], ""rgb"": [171, 181, 198], ""weight"": 0.23241306468530187}, {""lab"": [133, 128, 115], ""rgb"": [112, 125, 146], ""weight"": 0.20380747706051916}, {""lab"": [153, 127, 122], ""rgb"": [137, 146, 155], ""weight"": 0.1271481696091303}, {""lab"": [98, 127, 120], ""rgb"": [82, 92, 103], ""weight"": 0.126044287317456}, {""lab"": [151, 130, 107], ""rgb"": [125, 143, 179], ""weight"": 0.048735853069966334}]",32.0,https://amzn.to/3OxO0V0,https://m.media-amazon.com/images/I/61w1FzWfjJL._AC_SX679_.jpg,images/61w1FzWfjJL._AC_SX679_.jpg,2024-12-02 22:24:25.852095,75
DAZI Men's Skinny Tie Floral Print Cotton Necktie,False,Jumanji,"[{""lab"": [167, 127, 144], ""rgb"": [168, 158, 129], ""weight"": 0.4540833200632066}, {""lab"": [182, 115, 164], ""rgb"": [174, 180, 108], ""weight"": 0.21198721168097798}, {""lab"": [83, 132, 122], ""rgb"": [79, 75, 86], ""weight"": 0.1475719751256579}, {""lab"": [114, 114, 132], ""rgb"": [82, 112, 99], ""weight"": 0.08753383882308267}, {""lab"": [142, 159, 146], ""rgb"": [192, 111, 104], ""weight"": 0.06679977624524827}, {""lab"": [184, 142, 184], ""rgb"": [227, 165, 71], ""weight"": 0.03202387806182654}]",32.0,https://amzn.to/3D3DpyB,https://m.media-amazon.com/images/I/61E1ekgK99L._AC_SX679_.jpg,images/61E1ekgK99L._AC_SX679_.jpg,2024-12-02 22:24:25.852095,76
DAZI Men's Skinny Tie Floral Print Cotton Necktie,False,Lilac,"[{""lab"": [48, 140, 97], ""rgb"": [30, 43, 92], ""weight"": 0.3753791069128706}, {""lab"": [94, 133, 103], ""rgb"": [69, 86, 127], ""weight"": 0.19667481219336247}, {""lab"": [124, 130, 113], ""rgb"": [104, 115, 140], ""weight"": 0.18691906468706448}, {""lab"": [197, 122, 117], ""rgb"": [167, 195, 211], ""weight"": 0.12296849682928764}, {""lab"": [180, 123, 140], ""rgb"": [173, 175, 151], ""weight"": 0.08974683400876997}, {""lab"": [138, 147, 99], ""rgb"": [137, 120, 179], ""weight"": 0.028311685368644885}]",32.0,https://amzn.to/49j8bzz,https://m.media-amazon.com/images/I/61I40FbA59L._AC_SX679_.jpg,images/61I40FbA59L._AC_SX679_.jpg,2024-12-02 22:24:25.852095,77
DAZI Men's Skinny Tie Floral Print Cotton Necktie,False,Lotus,"[{""lab"": [68, 126, 120], ""rgb"": [52, 64, 75], ""weight"": 0.36289492008823027}, {""lab"": [186, 122, 134], ""rgb"": [172, 182, 168], ""weight"": 0.17615197621618917}, {""lab"": [189, 134, 135], ""rgb"": [199, 178, 170], ""weight"": 0.15913971320993883}, {""lab"": [102, 130, 132], ""rgb"": [100, 93, 88], ""weight"": 0.12170856492388263}, {""lab"": [146, 146, 137], ""rgb"": [173, 126, 123], ""weight"": 0.10746079465614797}, {""lab"": [158, 124, 143], ""rgb"": [153, 151, 123], ""weight"": 0.07264403090561113}]",32.0,https://amzn.to/3ZiOCCS,https://m.media-amazon.com/images/I/81FkzYGRcIL._AC_SX679_.jpg,images/81FkzYGRcIL._AC_SX679_.jpg,2024-12-02 22:24:25.852095,78
DAZI Men's Skinny Tie Floral Print Cotton Necktie,False,Mardi,"[{""lab"": [206, 119, 137], ""rgb"": [190, 205, 183], ""weight"": 0.28345969689574796}, {""lab"": [105, 121, 108], ""rgb"": [57, 102, 129], ""weight"": 0.17747418733222817}, {""lab"": [190, 117, 122], ""rgb"": [154, 190, 194], ""weight"": 0.16198237922532543}, {""lab"": [178, 138, 137], ""rgb"": [195, 164, 155], ""weight"": 0.12864259447815074}, {""lab"": [143, 162, 145], ""rgb"": [197, 110, 107], ""weight"": 0.12570579869905837}, {""lab"": [191, 130, 163], ""rgb"": [210, 181, 120], ""weight"": 0.1227353433694893}]",32.0,https://amzn.to/3Oy9v8b,https://m.media-amazon.com/images/I/912Ipj+jLJL._AC_SX679_.jpg,images/912Ipj+jLJL._AC_SX679_.jpg,2024-12-02 22:24:25.852095,79
DAZI Men's Skinny Tie Floral Print Cotton Necktie,False,Marigold,"[{""lab"": [253, 127, 128], ""rgb"": [251, 253, 253], ""weight"": 0.34907437868229807}, {""lab"": [199, 133, 200], ""rgb"": [235, 187, 45], ""weight"": 0.3097509602279767}, {""lab"": [186, 135, 193], ""rgb"": [221, 172, 50], ""weight"": 0.1901999068610906}, {""lab"": [179, 132, 181], ""rgb"": [205, 166, 71], ""weight"": 0.07086461105960463}, {""lab"": [212, 127, 142], ""rgb"": [216, 207, 181], ""weight"": 0.04080167820934038}, {""lab"": [187, 128, 162], ""rgb"": [202, 178, 118], ""weight"": 0.03930846495968965}]",32.0,https://amzn.to/3VjildV,https://m.media-amazon.com/images/I/61FoG4EnvDL._AC_SX679_.jpg,images/61FoG4EnvDL._AC_SX679_.jpg,2024-12-02 22:24:25.852095,80
DAZI Men's Skinny Tie Floral Print Cotton Necktie,False,Misty Love,"[{""lab"": [206, 127, 121], ""rgb"": [192, 202, 213], ""weight"": 0.3081361007195848}, {""lab"": [209, 123, 125], ""rgb"": [191, 207, 209], ""weight"": 0.23208374971673545}, {""lab"": [172, 127, 114], ""rgb"": [148, 166, 189], ""weight"": 0.2130260826278034}, {""lab"": [154, 129, 103], ""rgb"": [120, 147, 189], ""weight"": 0.1157762563014752}, {""lab"": [204, 131, 126], ""rgb"": [202, 197, 202], ""weight"": 0.09392866562895874}, {""lab"": [184, 139, 119], ""rgb"": [190, 171, 193], ""weight"": 0.037049145005442395}]",32.0,https://amzn.to/3Vd8CFN,https://m.media-amazon.com/images/I/51XhyuCYVdL._AC_SX679_.jpg,images/51XhyuCYVdL._AC_SX679_.jpg,2024-12-02 22:24:25.852095,81
DAZI Men's Skinny Tie Floral Print Cotton Necktie,False,Morning Glory,"[{""lab"": [37, 129, 124], ""rgb"": [36, 36, 43], ""weight"": 0.2704170871173898}, {""lab"": [226, 121, 126], ""rgb"": [206, 227, 226], ""weight"": 0.20944332324251597}, {""lab"": [68, 121, 130], ""rgb"": [52, 66, 60], ""weight"": 0.1663008745375042}, {""lab"": [177, 105, 141], ""rgb"": [133, 181, 145], ""weight"": 0.15582324251597712}, {""lab"": [143, 113, 135], ""rgb"": [111, 142, 122], ""weight"": 0.14801547258661285}, {""lab"": [117, 119, 104], ""rgb"": [54, 115, 148], ""weight"": 0.05}]",32.0,https://amzn.to/3CXCHmQ,https://m.media-amazon.com/images/I/91X08AF2WZL._AC_SX679_.jpg,images/91X08AF2WZL._AC_SX679_.jpg,2024-12-02 22:24:25.852095,82
DAZI Men's Skinny Tie Floral Print Cotton Necktie,False,Orange Pansy,"[{""lab"": [212, 124, 136], ""rgb"": [206, 209, 192], ""weight"": 0.36434567597395856}, {""lab"": [175, 140, 154], ""rgb"": [204, 158, 121], ""weight"": 0.20520521290382124}, {""lab"": [78, 126, 113], ""rgb"": [53, 74, 95], ""weight"": 0.14125138917195737}, {""lab"": [134, 120, 142], ""rgb"": [121, 129, 101], ""weight"": 0.11462927855349225}, {""lab"": [141, 134, 142], ""rgb"": [152, 128, 108], ""weight"": 0.10131245505620137}, {""lab"": [98, 177, 154], ""rgb"": [166, 46, 51], ""weight"": 0.0732559883405692}]",32.0,https://amzn.to/4fcVM1P,https://m.media-amazon.com/images/I/61bxHWn6DkL._AC_SX679_.jpg,images/61bxHWn6DkL._AC_SX679_.jpg,2024-12-02 22:24:25.852095,83
DAZI Men's Skinny Tie Floral Print Cotton Necktie,False,Palm,"[{""lab"": [254, 127, 128], ""rgb"": [251, 255, 255], ""weight"": 0.3849024369352998}, {""lab"": [175, 127, 122], ""rgb"": [160, 168, 178], ""weight"": 0.15497815855936775}, {""lab"": [229, 125, 126], ""rgb"": [218, 228, 229], ""weight"": 0.14721848616940253}, {""lab"": [215, 127, 123], ""rgb"": [204, 211, 220], ""weight"": 0.13817633809207436}, {""lab"": [186, 126, 125], ""rgb"": [172, 180, 184], ""weight"": 0.09137523525558074}, {""lab"": [172, 128, 119], ""rgb"": [156, 165, 180], ""weight"": 0.08334934498827484}]",32.0,https://amzn.to/3BgeZkY,https://m.media-amazon.com/images/I/815JnhYDvVL._AC_SX679_.jpg,images/815JnhYDvVL._AC_SX679_.jpg,2024-12-02 22:24:25.852095,84
DAZI Men's Skinny Tie Floral Print Cotton Necktie,False,Peach Blossom,"[{""lab"": [219, 122, 128], ""rgb"": [202, 218, 214], ""weight"": 0.2303499089860027}, {""lab"": [158, 118, 123], ""rgb"": [124, 155, 158], ""weight"": 0.17778872198965773}, {""lab"": [204, 135, 132], ""rgb"": [215, 194, 191], ""weight"": 0.1550569501378488}, {""lab"": [186, 146, 137], ""rgb"": [217, 167, 163], ""weight"": 0.1523530860263337}, {""lab"": [137, 167, 143], ""rgb"": [196, 99, 104], ""weight"": 0.1437586608147322}, {""lab"": [166, 156, 141], ""rgb"": [213, 138, 136], ""weight"": 0.1406926720454249}]",32.0,https://amzn.to/4eSeWJT,https://m.media-amazon.com/images/I/915x3rzg5CL._AC_SX679_.jpg,images/915x3rzg5CL._AC_SX679_.jpg,2024-12-02 22:24:25.852095,85
DAZI Men's Skinny Tie Floral Print Cotton Necktie,False,Peony,"[{""lab"": [184, 137, 136], ""rgb"": [199, 171, 163], ""weight"": 0.24317576756962933}, {""lab"": [199, 131, 133], ""rgb"": [203, 191, 184], ""weight"": 0.2381671566115591}, {""lab"": [166, 144, 138], ""rgb"": [192, 147, 141], ""weight"": 0.20318008268060858}, {""lab"": [151, 152, 137], ""rgb"": [188, 126, 128], ""weight"": 0.1333022542602089}, {""lab"": [146, 132, 144], ""rgb"": [155, 134, 110], ""weight"": 0.09882759975804556}, {""lab"": [132, 162, 138], ""rgb"": [182, 99, 108], ""weight"": 0.08334713911994852}]",32.0,https://amzn.to/49ljDe7,https://m.media-amazon.com/images/I/51BT80PiLsL._AC_SX679_.jpg,images/51BT80PiLsL._AC_SX679_.jpg,2024-12-02 22:24:25.852095,86
DAZI Men's Skinny Tie Floral Print Cotton Necktie,False,Pink Meadow,"[{""lab"": [206, 131, 134], ""rgb"": [211, 198, 189], ""weight"": 0.5813729285197817}, {""lab"": [189, 144, 133], ""rgb"": [215, 172, 174], ""weight"": 0.1359015184159978}, {""lab"": [172, 157, 133], ""rgb"": [217, 144, 156], ""weight"": 0.10517897443013753}, {""lab"": [182, 138, 148], ""rgb"": [206, 167, 139], ""weight"": 0.07612164856594045}, {""lab"": [173, 155, 172], ""rgb"": [230, 145, 86], ""weight"": 0.0576399184919551}, {""lab"": [158, 177, 129], ""rgb"": [228, 112, 150], ""weight"": 0.04378501157618738}]",32.0,https://amzn.to/4iiaaIS,https://m.media-amazon.com/images/I/616r7iXzyoL._AC_SX679_.jpg,images/616r7iXzyoL._AC_SX679_.jpg,2024-12-02 22:24:25.852095,87
DAZI Men's Skinny Tie Floral Print Cotton Necktie,False,Powder,"[{""lab"": [212, 126, 123], ""rgb"": [198, 209, 216], ""weight"": 0.31040723302319645}, {""lab"": [199, 127, 118], ""rgb"": [181, 194, 211], ""weight"": 0.20283178264885446}, {""lab"": [144, 128, 120], ""rgb"": [128, 136, 149], ""weight"": 0.1608431518319103}, {""lab"": [171, 128, 111], ""rgb"": [146, 165, 193], ""weight"": 0.12170808083083647}, {""lab"": [95, 129, 114], ""rgb"": [76, 88, 110], ""weight"": 0.1204577710694091}, {""lab"": [83, 131, 105], ""rgb"": [57, 77, 113], ""weight"": 0.08375198059579325}]",32.0,https://amzn.to/3CSdj1P,https://m.media-amazon.com/images/I/61kPT7VyAHL._AC_SX679_.jpg,images/61kPT7VyAHL._AC_SX679_.jpg,2024-12-02 22:24:25.852095,88
DAZI Men's Skinny Tie Floral Print Cotton Necktie,False,Quicksand Roses,"[{""lab"": [217, 128, 130], ""rgb"": [214, 212, 209], ""weight"": 0.2583016062099518}, {""lab"": [154, 136, 133], ""rgb"": [163, 141, 137], ""weight"": 0.235559292738187}, {""lab"": [182, 132, 132], ""rgb"": [185, 172, 168], ""weight"": 0.2128948372379106}, {""lab"": [168, 130, 138], ""rgb"": [171, 158, 142], ""weight"": 0.1200530991365551}, {""lab"": [165, 140, 139], ""rgb"": [185, 149, 138], ""weight"": 0.09051378475385202}, {""lab"": [152, 148, 132], ""rgb"": [180, 131, 137], ""weight"": 0.08267737992354347}]",32.0,https://amzn.to/3Zv5nwe,https://m.media-amazon.com/images/I/51xBaV6+RXL._AC_SX679_.jpg,images/51xBaV6+RXL._AC_SX679_.jpg,2024-12-02 22:24:25.852095,89
DAZI Men's Skinny Tie Floral Print Cotton Necktie,False,Red Clover,"[{""lab"": [196, 123, 135], ""rgb"": [186, 192, 177], ""weight"": 0.4542434574777165}, {""lab"": [149, 122, 142], ""rgb"": [140, 143, 116], ""weight"": 0.23454407911326486}, {""lab"": [140, 129, 136], ""rgb"": [139, 130, 118], ""weight"": 0.16459637543717315}, {""lab"": [147, 142, 128], ""rgb"": [163, 130, 139], ""weight"": 0.0649775429133182}, {""lab"": [133, 112, 155], ""rgb"": [113, 131, 77], ""weight"": 0.043492561204240714}, {""lab"": [101, 164, 127], ""rgb"": [145, 68, 96], ""weight"": 0.03814598385428658}]",32.0,https://amzn.to/3OBKoBq,https://m.media-amazon.com/images/I/515n0PK2+VL._AC_SX679_.jpg,images/515n0PK2+VL._AC_SX679_.jpg,2024-12-02 22:24:25.852095,90
DAZI Men's Skinny Tie Floral Print Cotton Necktie,False,Rio,"[{""lab"": [46, 127, 117], ""rgb"": [32, 45, 60], ""weight"": 0.3140415725466037}, {""lab"": [78, 127, 115], ""rgb"": [58, 73, 92], ""weight"": 0.27910876856732153}, {""lab"": [161, 119, 135], ""rgb"": [141, 157, 140], ""weight"": 0.18381363086681726}, {""lab"": [84, 123, 123], ""rgb"": [64, 80, 85], ""weight"": 0.1322776674956838}, {""lab"": [185, 124, 121], ""rgb"": [163, 181, 190], ""weight"": 0.06288361055970064}, {""lab"": [196, 117, 178], ""rgb"": [199, 193, 94], ""weight"": 0.027874749963873107}]",32.0,https://amzn.to/4fTYoT8,https://m.media-amazon.com/images/I/61qwET2zaOL._AC_SX679_.jpg,images/61qwET2zaOL._AC_SX679_.jpg,2024-12-02 22:24:25.852095,91
DAZI Men's Skinny Tie Floral Print Cotton Necktie,False,Riptide,"[{""lab"": [254, 127, 128], ""rgb"": [251, 255, 255], ""weight"": 0.2913709975648728}, {""lab"": [167, 114, 112], ""rgb"": [108, 167, 186], ""weight"": 0.2160564893698672}, {""lab"": [201, 120, 120], ""rgb"": [170, 200, 210], ""weight"": 0.16217900859853426}, {""lab"": [217, 123, 122], ""rgb"": [196, 216, 224], ""weight"": 0.12444500263979887}, {""lab"": [179, 120, 115], ""rgb"": [139, 177, 195], ""weight"": 0.10623387920187367}, {""lab"": [169, 115, 117], ""rgb"": [121, 169, 180], ""weight"": 0.0997146226250532}]",32.0,https://amzn.to/3Zy9bwP,https://m.media-amazon.com/images/I/61TbHlTjomL._AC_SX679_.jpg,images/61TbHlTjomL._AC_SX679_.jpg,2024-12-02 22:24:25.852095,92
DAZI Men's Skinny Tie Floral Print Cotton Necktie,False,Rose Garden,"[{""lab"": [198, 135, 126], ""rgb"": [204, 188, 196], ""weight"": 0.5203725913488446}, {""lab"": [113, 186, 136], ""rgb"": [190, 50, 94], ""weight"": 0.13813864236027826}, {""lab"": [155, 162, 123], ""rgb"": [200, 124, 156], ""weight"": 0.12186775405772768}, {""lab"": [175, 126, 134], ""rgb"": [168, 168, 157], ""weight"": 0.07935156312465019}, {""lab"": [114, 108, 141], ""rgb"": [77, 114, 83], ""weight"": 0.0718157831614296}, {""lab"": [115, 117, 133], ""rgb"": [90, 112, 98], ""weight"": 0.06845366594706964}]",32.0,https://amzn.to/3Vhv1lF,https://m.media-amazon.com/images/I/61lQrtRXxcL._AC_SX679_.jpg,images/61lQrtRXxcL._AC_SX679_.jpg,2024-12-02 22:24:25.852095,93
DAZI Men's Skinny Tie Floral Print Cotton Necktie,False,Scorpion Grass,"[{""lab"": [213, 127, 127], ""rgb"": [205, 209, 210], ""weight"": 0.24439835078163813}, {""lab"": [207, 127, 123], ""rgb"": [195, 203, 211], ""weight"": 0.24146834102702644}, {""lab"": [164, 127, 119], ""rgb"": [146, 157, 172], ""weight"": 0.17268563678757792}, {""lab"": [140, 128, 113], ""rgb"": [116, 132, 156], ""weight"": 0.13344961507359474}, {""lab"": [161, 128, 124], ""rgb"": [149, 153, 160], ""weight"": 0.11424499668198153}, {""lab"": [158, 130, 132], ""rgb"": [156, 148, 143], ""weight"": 0.09375305964818126}]",32.0,https://amzn.to/3Vkrym9,https://m.media-amazon.com/images/I/61an8ZDZe5L._AC_SX679_.jpg,images/61an8ZDZe5L._AC_SX679_.jpg,2024-12-02 22:24:25.852095,94
DAZI Men's Skinny Tie Floral Print Cotton Necktie,False,Silent Love,"[{""lab"": [174, 131, 140], ""rgb"": [181, 164, 145], ""weight"": 0.2668265591509231}, {""lab"": [124, 142, 163], ""rgb"": [153, 105, 56], ""weight"": 0.20476330865889514}, {""lab"": [137, 149, 141], ""rgb"": [170, 114, 107], ""weight"": 0.14273989848686464}, {""lab"": [112, 165, 150], ""rgb"": [167, 76, 69], ""weight"": 0.14063632959099928}, {""lab"": [105, 179, 160], ""rgb"": [178, 50, 48], ""weight"": 0.13308658895148245}, {""lab"": [115, 134, 120], ""rgb"": [111, 104, 120], ""weight"": 0.11194731516083538}]",32.0,https://amzn.to/3OzQhiA,https://m.media-amazon.com/images/I/61D65+ZxpfL._AC_SX679_.jpg,images/61D65+ZxpfL._AC_SX679_.jpg,2024-12-02 22:24:25.852095,95
DAZI Men's Skinny Tie Floral Print Cotton Necktie,False,Silhouette,"[{""lab"": [225, 126, 126], ""rgb"": [215, 223, 225], ""weight"": 0.21593573618754758}, {""lab"": [75, 125, 131], ""rgb"": [66, 71, 64], ""weight"": 0.21124616717917585}, {""lab"": [153, 126, 130], ""rgb"": [142, 146, 141], ""weight"": 0.2034551477478191}, {""lab"": [213, 125, 133], ""rgb"": [206, 210, 199], ""weight"": 0.18639497081117226}, {""lab"": [135, 124, 136], ""rgb"": [125, 128, 113], ""weight"": 0.10067176096395719}, {""lab"": [95, 128, 124], ""rgb"": [84, 88, 94], ""weight"": 0.08229621711032804}]",32.0,https://amzn.to/4geeQ0h,https://m.media-amazon.com/images/I/61evzy1soOL._AC_SX679_.jpg,images/61evzy1soOL._AC_SX679_.jpg,2024-12-02 22:24:25.852095,96
DAZI Men's Skinny Tie Floral Print Cotton Necktie,False,Smitten,"[{""lab"": [199, 128, 127], ""rgb"": [192, 193, 195], ""weight"": 0.22095092167300925}, {""lab"": [145, 126, 132], ""rgb"": [136, 137, 129], ""weight"": 0.20924787616037002}, {""lab"": [189, 132, 128], ""rgb"": [190, 180, 182], ""weight"": 0.19310920097805814}, {""lab"": [144, 132, 129], ""rgb"": [143, 133, 134], ""weight"": 0.16985347028056522}, {""lab"": [150, 138, 130], ""rgb"": [161, 135, 138], ""weight"": 0.1347729738050829}, {""lab"": [126, 143, 133], ""rgb"": [145, 108, 110], ""weight"": 0.07206555710291448}]",32.0,https://amzn.to/49ogevi,https://m.media-amazon.com/images/I/5152x5P2ERL._AC_SX679_.jpg,images/5152x5P2ERL._AC_SX679_.jpg,2024-12-02 22:24:25.852095,97
DAZI Men's Skinny Tie Floral Print Cotton Necktie,False,Spring Bloom,"[{""lab"": [247, 127, 127], ""rgb"": [242, 246, 247], ""weight"": 0.5435964262444327}, {""lab"": [164, 125, 119], ""rgb"": [141, 158, 172], ""weight"": 0.18954560465552173}, {""lab"": [163, 125, 107], ""rgb"": [125, 158, 192], ""weight"": 0.181061951641839}, {""lab"": [122, 140, 79], ""rgb"": [66, 112, 196], ""weight"": 0.041224484331348905}, {""lab"": [153, 166, 129], ""rgb"": [207, 118, 144], ""weight"": 0.026992832852845886}, {""lab"": [152, 146, 125], ""rgb"": [173, 133, 149], ""weight"": 0.01757870027401173}]",32.0,https://amzn.to/3ZfTXev,https://m.media-amazon.com/images/I/91Dlzq3qjrL._AC_SX679_.jpg,images/91Dlzq3qjrL._AC_SX679_.jpg,2024-12-02 22:24:25.852095,98
DAZI Men's Skinny Tie Floral Print Cotton Necktie,False,Star Gaze,"[{""lab"": [50, 132, 110], ""rgb"": [36, 47, 74], ""weight"": 0.24195489746326618}, {""lab"": [166, 126, 114], ""rgb"": [140, 160, 183], ""weight"": 0.16494068842307663}, {""lab"": [34, 129, 116], ""rgb"": [26, 34, 51], ""weight"": 0.16464924034247042}, {""lab"": [206, 125, 121], ""rgb"": [188, 203, 213], ""weight"": 0.15403977320040274}, {""lab"": [152, 127, 106], ""rgb"": [117, 146, 182], ""weight"": 0.1417611034148631}, {""lab"": [55, 135, 105], ""rgb"": [39, 50, 86], ""weight"": 0.13265429715592095}]",32.0,https://amzn.to/4eYOvm2,https://m.media-amazon.com/images/I/61oU06S0JyL._AC_SX679_.jpg,images/61oU06S0JyL._AC_SX679_.jpg,2024-12-02 22:24:25.852095,99
DAZI Men's Skinny Tie Floral Print Cotton Necktie,False,Sugar Blossom,"[{""lab"": [232, 126, 137], ""rgb"": [233, 230, 212], ""weight"": 0.3965241596039679}, {""lab"": [253, 127, 128], ""rgb"": [251, 253, 253], ""weight"": 0.3619980696815397}, {""lab"": [194, 128, 140], ""rgb"": [197, 187, 166], ""weight"": 0.11414855849139488}, {""lab"": [144, 121, 139], ""rgb"": [131, 138, 116], ""weight"": 0.04437620512907157}, {""lab"": [170, 139, 146], ""rgb"": [193, 154, 130], ""weight"": 0.04411432384999271}, {""lab"": [157, 124, 124], ""rgb"": [137, 151, 155], ""weight"": 0.03883868324403322}]",32.0,https://amzn.to/3ZeyiTJ,https://m.media-amazon.com/images/I/81C55PNJumL._AC_SX679_.jpg,images/81C55PNJumL._AC_SX679_.jpg,2024-12-02 22:24:25.852095,100
DAZI Men's Skinny Tie Floral Print Cotton Necktie,False,Sunny Meadow,"[{""lab"": [218, 126, 125], ""rgb"": [207, 215, 219], ""weight"": 0.231286227098258}, {""lab"": [205, 125, 131], ""rgb"": [196, 201, 194], ""weight"": 0.18944927040760828}, {""lab"": [132, 125, 122], ""rgb"": [112, 125, 133], ""weight"": 0.18669873040045998}, {""lab"": [117, 124, 133], ""rgb"": [105, 110, 100], ""weight"": 0.17739040574350048}, {""lab"": [165, 125, 142], ""rgb"": [162, 158, 132], ""weight"": 0.16151652654970397}, {""lab"": [185, 132, 156], ""rgb"": [203, 174, 127], ""weight"": 0.0536588398004693}]",32.0,https://amzn.to/4eTT80x,https://m.media-amazon.com/images/I/61nlzi2SgrL._AC_SX679_.jpg,images/61nlzi2SgrL._AC_SX679_.jpg,2024-12-02 22:24:25.852095,101
DAZI Men's Skinny Tie Floral Print Cotton Necktie,False,Sweetly Picked,"[{""lab"": [230, 125, 134], ""rgb"": [226, 228, 215], ""weight"": 0.4443667976688871}, {""lab"": [182, 127, 142], ""rgb"": [183, 174, 149], ""weight"": 0.1867711265122422}, {""lab"": [128, 132, 153], ""rgb"": [140, 116, 77], ""weight"": 0.13134628823480385}, {""lab"": [113, 156, 116], ""rgb"": [141, 88, 125], ""weight"": 0.08833353635471897}, {""lab"": [207, 135, 127], ""rgb"": [214, 197, 204], ""weight"": 0.07855004263449099}, {""lab"": [109, 139, 135], ""rgb"": [123, 94, 90], ""weight"": 0.07063220859485693}]",32.0,https://amzn.to/3CQSoMp,https://m.media-amazon.com/images/I/81Z-+HWL0QL._AC_SX679_.jpg,images/81Z-+HWL0QL._AC_SX679_.jpg,2024-12-02 22:24:25.852095,102
DAZI Men's Skinny Tie Floral Print Cotton Necktie,False,Utah,"[{""lab"": [76, 125, 122], ""rgb"": [61, 72, 79], ""weight"": 0.661015606746423}, {""lab"": [56, 125, 125], ""rgb"": [45, 54, 57], ""weight"": 0.17372554144440616}, {""lab"": [203, 130, 135], ""rgb"": [207, 195, 183], ""weight"": 0.05491467968746906}, {""lab"": [101, 139, 142], ""rgb"": [118, 86, 71], ""weight"": 0.04032171836574674}, {""lab"": [163, 150, 169], ""rgb"": [211, 138, 82], ""weight"": 0.03550623913448097}, {""lab"": [152, 171, 183], ""rgb"": [229, 109, 45], ""weight"": 0.03451621462147403}]",32.0,https://amzn.to/41dCVA5,https://m.media-amazon.com/images/I/619Lau2fRxL._AC_SX679_.jpg,images/619Lau2fRxL._AC_SX679_.jpg,2024-12-02 22:24:25.852095,103
DAZI Men's Skinny Tie Floral Print Cotton Necktie,False,Ventura,"[{""lab"": [254, 127, 128], ""rgb"": [252, 254, 254], ""weight"": 0.3929392550065915}, {""lab"": [212, 137, 131], ""rgb"": [227, 201, 202], ""weight"": 0.16193415730438188}, {""lab"": [177, 144, 131], ""rgb"": [200, 159, 165], ""weight"": 0.1330419289381212}, {""lab"": [229, 130, 134], ""rgb"": [235, 224, 214], ""weight"": 0.1313119496798751}, {""lab"": [170, 138, 137], ""rgb"": [186, 156, 146], ""weight"": 0.09847608849215098}, {""lab"": [174, 152, 129], ""rgb"": [209, 151, 165], ""weight"": 0.0822966205788794}]",32.0,https://amzn.to/3VGsthd,https://m.media-amazon.com/images/I/61DzYRG4dNL._AC_SX679_.jpg,images/61DzYRG4dNL._AC_SX679_.jpg,2024-12-02 22:24:25.852095,104
DAZI Men's Skinny Tie Floral Print Cotton Necktie,False,Western,"[{""lab"": [115, 154, 162], ""rgb"": [159, 88, 50], ""weight"": 0.29596816577821156}, {""lab"": [126, 150, 157], ""rgb"": [165, 102, 69], ""weight"": 0.2774983106839853}, {""lab"": [117, 142, 149], ""rgb"": [143, 99, 74], ""weight"": 0.14404071333204935}, {""lab"": [116, 131, 118], ""rgb"": [104, 107, 124], ""weight"": 0.12145121222705713}, {""lab"": [91, 138, 138], ""rgb"": [104, 78, 68], ""weight"": 0.0824255640030424}, {""lab"": [181, 134, 139], ""rgb"": [193, 169, 154], ""weight"": 0.07861603397565427}]",32.0,https://amzn.to/3ZwtPgw,https://m.media-amazon.com/images/I/61WAoboaZDL._AC_SX679_.jpg,images/61WAoboaZDL._AC_SX679_.jpg,2024-12-02 22:24:25.852095,105
DAZI Men's Skinny Tie Floral Print Cotton Necktie,False,White Floral,"[{""lab"": [231, 130, 122], ""rgb"": [227, 227, 239], ""weight"": 0.7315183823357644}, {""lab"": [169, 149, 130], ""rgb"": [199, 148, 158], ""weight"": 0.08148591131439892}, {""lab"": [159, 124, 148], ""rgb"": [157, 152, 115], ""weight"": 0.06650252059223405}, {""lab"": [185, 127, 136], ""rgb"": [182, 178, 163], ""weight"": 0.06330213934973859}, {""lab"": [102, 177, 147], ""rgb"": [169, 51, 66], ""weight"": 0.040039806201731476}, {""lab"": [150, 144, 175], ""rgb"": [188, 129, 57], ""weight"": 0.017151240206132585}]",32.0,https://amzn.to/4eVtWHc,https://m.media-amazon.com/images/I/91Es45kj+dL._AC_SX679_.jpg,images/91Es45kj+dL._AC_SX679_.jpg,2024-12-02 22:24:25.852095,106
